{
    "formatVersion": 1,
    "name": "LWJGL3ify Early Classpath",
    "uid": "me.eigenraven.lwjgl3ify.forgepatches",
    "version": "2.1.10",
    "order": 3,
    "+jvmArgs": [
        "-Dfile.encoding=UTF-8", "-Djava.system.class.loader=com.gtnewhorizons.retrofuturabootstrap.RfbSystemClassLoader", "--add-opens", "java.base/java.io=ALL-UNNAMED", "--add-opens", "java.base/java.lang.invoke=ALL-UNNAMED", "--add-opens", "java.base/java.lang.ref=ALL-UNNAMED", "--add-opens", "java.base/java.lang.reflect=ALL-UNNAMED", "--add-opens", "java.base/java.lang=ALL-UNNAMED", "--add-opens", "java.base/java.net.spi=ALL-UNNAMED", "--add-opens", "java.base/java.net=ALL-UNNAMED", "--add-opens", "java.base/java.nio.channels=ALL-UNNAMED", "--add-opens", "java.base/java.nio.charset=ALL-UNNAMED", "--add-opens", "java.base/java.nio.file=ALL-UNNAMED", "--add-opens", "java.base/java.nio=ALL-UNNAMED", "--add-opens", "java.base/java.text=ALL-UNNAMED", "--add-opens", "java.base/java.time.chrono=ALL-UNNAMED", "--add-opens", "java.base/java.time.format=ALL-UNNAMED", "--add-opens", "java.base/java.time.temporal=ALL-UNNAMED", "--add-opens", "java.base/java.time.zone=ALL-UNNAMED", "--add-opens", "java.base/java.time=ALL-UNNAMED", "--add-opens", "java.base/java.util.concurrent.atomics=ALL-UNNAMED", "--add-opens", "java.base/java.util.concurrent.locks=ALL-UNNAMED", "--add-opens", "java.base/java.util.jar=ALL-UNNAMED", "--add-opens", "java.base/java.util.zip=ALL-UNNAMED", "--add-opens", "java.base/java.util=ALL-UNNAMED", "--add-opens", "java.base/jdk.internal.loader=ALL-UNNAMED", "--add-opens", "java.base/jdk.internal.misc=ALL-UNNAMED", "--add-opens", "java.base/jdk.internal.ref=ALL-UNNAMED", "--add-opens", "java.base/jdk.internal.reflect=ALL-UNNAMED", "--add-opens", "java.base/sun.nio.ch=ALL-UNNAMED", "--add-opens", "java.desktop/com.sun.imageio.plugins.png=ALL-UNNAMED", "--add-opens", "java.desktop/sun.awt.image=ALL-UNNAMED", "--add-opens", "java.desktop/sun.awt=ALL-UNNAMED", "--add-opens", "java.sql.rowset/javax.sql.rowset.serial=ALL-UNNAMED", "--add-opens", "jdk.dynalink/jdk.dynalink.beans=ALL-UNNAMED", "--add-opens", "jdk.naming.dns/com.sun.jndi.dns=ALL-UNNAMED,java.naming"
    ],
    "libraries": [
        {
            "name": "com.github.GTNewHorizons:lwjgl3ify:2.1.10:forgePatches",
            "MMC-hint": "local"
        }
    ]
}
