{
    "components": [
        {
            "cachedName": "LWJGL 3",
            "cachedVersion": "3.3.3",
            "cachedVolatile": true,
            "dependencyOnly": true,
            "uid": "org.lwjgl3",
            "version": "3.3.3"
        },
        {
            "cachedName": "Minecraft with LWJGL3",
            "cachedRequires": [
                {
                    "suggests": "3.3.3",
                    "uid": "org.lwjgl3"
                }
            ],
            "cachedVersion": "1.7.10",
            "important": true,
            "uid": "net.minecraft",
            "version": "1.7.10"
        },
        {
            "cachedName": "LWJGL3ify Early Classpath",
            "cachedVersion": "2.1.10",
            "uid": "me.eigenraven.lwjgl3ify.forgepatches"
        },
        {
            "cachedName": "Forge-LWJGL3",
            "cachedRequires": [
                {
                    "equals": "1.7.10",
                    "uid": "net.minecraft"
                }
            ],
            "cachedVersion": "10.13.4.1614",
            "uid": "net.minecraftforge",
            "version": "10.13.4.1614"
        },
        {
            "cachedName": "LWJGL3ify launch args",
            "cachedVersion": "2.1.10",
            "uid": "me.eigenraven.lwjgl3ify.launchargs"
        }
    ],
    "formatVersion": 1
}
